{
    "stages": [
        {
            "name": "Phước Long",
            "nodeRange": [
                0,
                15
            ],
            "difficulty": "easy"
        },
        {
            "name": "Tây Nguyên",
            "nodeRange": [
                16,
                30
            ],
            "difficulty": "easy"
        },
        {
            "name": "Huế-Đà Nẵng",
            "nodeRange": [
                31,
                45
            ],
            "difficulty": "medium"
        },
        {
            "name": "Sài Gòn",
            "nodeRange": [
                46,
                60
            ],
            "difficulty": "medium"
        },
        {
            "name": "Dinh Độc Lập",
            "nodeRange": [
                61,
                100
            ],
            "difficulty": "hard"
        }
    ],
    "questions": [
        {
            "id": 1,
            "stage": 1,
            "question": "Chủ đề của Đại hội X là gì?",
            "answers": [
                "Đẩy mạnh công nghiệp hóa đất nước",
                "Phát huy dân chủ xã hội chủ nghĩa",
                "Nâng cao năng lực lãnh đạo và sức chiến đấu của Đảng",
                "Xây dựng Nhà nước pháp quyền xã hội chủ nghĩa"
            ],
            "correct": 2
        },
        {
            "id": 2,
            "stage": 1,
            "question": "Một trong những nhiệm vụ quan trọng của Đại hội X là gì?",
            "answers": [
                "Ban hành Hiến pháp mới",
                "Sửa đổi, bổ sung Điều lệ Đảng",
                "Thành lập Chính phủ mới",
                "Bầu Chủ tịch nước"
            ],
            "correct": 1
        },
        {
            "id": 3,
            "stage": 1,
            "question": "So với Cương lĩnh năm 1991, Đại hội X đã bổ sung đặc trưng nào của chủ nghĩa xã hội?",
            "answers": [
                "Kinh tế thị trường",
                "Nhà nước pháp quyền xã hội chủ nghĩa",
                "Hội nhập quốc tế",
                "Công nghiệp hóa"
            ],
            "correct": 1
        },
        {
            "id": 4,
            "stage": 1,
            "question": "Ai là Tổng Bí thư được bầu tại Đại hội đại biểu toàn quốc lần thứ X (năm 2006)?",
            "answers": [
                "Đồng chí Nông Đức Mạnh",
                "Đồng chí Lê Khả Phiêu",
                "Đồng chí Nguyễn Phú Trọng",
                "Đồng chí Đỗ Mười"
            ],
            "correct": 0
        },
        {
            "id": 5,
            "stage": 1,
            "question": "Nhiệm vụ chính của Đại hội Đảng lần thứ X là gì?",
            "answers": [
                "Xây dựng và bảo vệ Tổ quốc trong thời kỳ mới",
                "Xây dựng, chỉnh đốn Đảng",
                "Làm sáng tỏ bản chất của Đảng",
                "A và B đều đúng"
            ],
            "correct": 3
        },
        {
            "id": 6,
            "stage": 1,
            "question": "Chủ đề Đại hội X gồm mấy thành tố?",
            "answers": [
                "1 thành tố",
                "4 thành tố",
                "2 thành tố",
                "3 thành tố"
            ],
            "correct": 1
        },
        {
            "id": 7,
            "stage": 1,
            "question": "Để phát huy sức mạnh toàn dân tộc, vấn đề cơ bản Đảng cần giải quyết là gì?",
            "answers": [
                "Tập trung phát triển kinh tế thị trường",
                "Giữ vững độc lập dân tộc, thống nhất Tổ quốc",
                "Hài hòa các loại lợi ích",
                "Đổi mới phương thức lãnh đạo"
            ],
            "correct": 1
        },
        {
            "id": 8,
            "stage": 1,
            "question": "Nội dung đẩy mạnh toàn diện công cuộc đổi mới ở ĐH X gồm mấy vấn đề?",
            "answers": [
                "2 vấn đề",
                "3 vấn đề",
                "4 vấn đề",
                "5 vấn đề"
            ],
            "correct": 1
        },
        {
            "id": 9,
            "stage": 2,
            "question": "Đại hội X diễn ra trong bối cảnh thế giới như thế nào?",
            "answers": [
                "Ổn định, ít biến động",
                "Có nhiều diễn biến nhanh chóng, phức tạp, khó lường",
                "Kinh tế toàn cầu suy thoái nghiêm trọng",
                "Chiến tranh thế giới bùng nổ"
            ],
            "correct": 1
        },
        {
            "id": 10,
            "stage": 2,
            "question": "Đại hội Đảng đầu tiên trong thế kỉ XXI là đại hội lần thứ mấy?",
            "answers": [
                "Đại hội VII",
                "Đại hội VIII",
                "Đại hội IX",
                "Đại hội X"
            ],
            "correct": 2
        },
        {
            "id": 11,
            "stage": 2,
            "question": "Đại hội Đảng lần thứ IX diễn ra trong bối cảnh thế giới như thế nào?",
            "answers": [
                "Cách mạng KHCN, kinh tế thị trường và toàn cầu hóa mạnh mẽ",
                "Cách mạng KHCN, kinh tế tri thức và toàn cầu hóa mạnh mẽ",
                "Cách mạng KHKT, kinh tế tri thức và toàn cầu hóa mạnh mẽ",
                "Không đáp án nào đúng"
            ],
            "correct": 1
        },
        {
            "id": 12,
            "stage": 2,
            "question": "Biểu hiện cơ bản của tình hình tư tưởng trong Đảng và nhân dân sau 15 năm đổi mới?",
            "answers": [
                "Chủ yếu là mặt tiêu cực",
                "Mặt tích cực và tiêu cực ngang nhau",
                "Mặt tích cực là cơ bản",
                "Chủ yếu là khủng hoảng tư tưởng"
            ],
            "correct": 2
        },
        {
            "id": 13,
            "stage": 2,
            "question": "Đảng và nhân dân ta quyết tâm xây dựng đất nước theo con đường XHCN trên nền tảng nào?",
            "answers": [
                "Chủ nghĩa Mác – Lênin",
                "Tư tưởng Hồ Chí Minh",
                "Chủ nghĩa Mác – Lênin và tư tưởng Hồ Chí Minh",
                "Chủ nghĩa xã hội khoa học"
            ],
            "correct": 2
        },
        {
            "id": 14,
            "stage": 2,
            "question": "Động lực chủ yếu để phát triển đất nước theo Đại hội IX là?",
            "answers": [
                "Khoa học – công nghệ",
                "Công nghiệp hóa, hiện đại hóa",
                "Đại đoàn kết toàn dân",
                "Hội nhập kinh tế quốc tế"
            ],
            "correct": 2
        },
        {
            "id": 15,
            "stage": 2,
            "question": "Mô hình kinh tế tổng quát trong thời kỳ quá độ lên CNXH là gì?",
            "answers": [
                "Kinh tế kế hoạch hóa tập trung",
                "Kinh tế thị trường tự do",
                "Kinh tế thị trường định hướng XHCN",
                "Kinh tế hỗn hợp"
            ],
            "correct": 2
        },
        {
            "id": 16,
            "stage": 2,
            "question": "Chiến lược phát triển kinh tế 2001-2010: GDP năm 2010 lên gấp mấy lần so với năm 2000?",
            "answers": [
                "Gấp 1.5 lần",
                "Gấp đôi",
                "Gấp 3 lần",
                "Gấp 4 lần"
            ],
            "correct": 1
        },
        {
            "id": 17,
            "stage": 3,
            "question": "Đại hội X bổ sung cụm từ nào: 'Các dân tộc trong cộng đồng VN bình đẳng, đoàn kết, tương trợ...'?",
            "answers": [
                "Bình đẳng",
                "Tương trợ",
                "Giúp đỡ",
                "Đoàn kết"
            ],
            "correct": 2
        },
        {
            "id": 18,
            "stage": 3,
            "question": "Đâu là bước đột phá trong thay đổi tư duy được Đại hội X đề ra?",
            "answers": [
                "Đảng viên được làm kinh tế tư nhân, kể cả tư bản tư nhân",
                "Toàn dân được làm kinh tế tư nhân",
                "Hạn chế làm kinh tế tư nhân",
                "A, B, C đều sai"
            ],
            "correct": 0
        },
        {
            "id": 19,
            "stage": 3,
            "question": "Đâu là đặc trưng mới được đề cập tại Đại hội X mà Cương lĩnh 1991 chưa nêu?",
            "answers": [
                "Dân giàu, nước mạnh, công bằng, dân chủ, văn minh",
                "Có nền văn hóa tiên tiến đậm đà bản sắc dân tộc",
                "Có quan hệ hữu nghị với nhân dân các nước",
                "Có nền kinh tế phát triển cao"
            ],
            "correct": 0
        },
        {
            "id": 20,
            "stage": 3,
            "question": "Đại hội X bổ sung cụm từ: 'Các dân tộc trong nước phải…'?",
            "answers": [
                "Tôn trọng, bình đẳng, tương trợ, đoàn kết cùng phát triển",
                "Tôn trọng, đoàn kết, tương trợ cùng tiến bộ",
                "Bình đẳng, đoàn kết, tương trợ cùng phát triển",
                "Bình đẳng, đoàn kết, tương trợ và giúp đỡ cùng tiến bộ"
            ],
            "correct": 3
        },
        {
            "id": 21,
            "stage": 3,
            "question": "Bộ Chính trị khóa X có bao nhiêu ủy viên?",
            "answers": [
                "15 ủy viên",
                "14 ủy viên",
                "17 ủy viên",
                "16 ủy viên"
            ],
            "correct": 1
        },
        {
            "id": 22,
            "stage": 3,
            "question": "Đại hội X không mời khách quốc tế tham dự nhằm mục đích gì?",
            "answers": [
                "Tiết kiệm kinh phí",
                "Tập trung cao vào các vấn đề nội bộ của đất nước và Đảng",
                "Thực hiện chủ trương đối ngoại mới",
                "Do tình hình an ninh phức tạp"
            ],
            "correct": 1
        },
        {
            "id": 23,
            "stage": 3,
            "question": "Văn kiện nào sau đây KHÔNG được Đại hội X thông qua?",
            "answers": [
                "Báo cáo chính trị",
                "Báo cáo phát triển kinh tế 2006–2010",
                "Báo cáo công tác xây dựng Đảng",
                "Hiến pháp nước CHXHCN Việt Nam"
            ],
            "correct": 3
        },
        {
            "id": 24,
            "stage": 3,
            "question": "Phương hướng lớn giai đoạn 2006–2010 được Đại hội X xác định là:",
            "answers": [
                "Phát triển kinh tế kế hoạch hóa tập trung",
                "Đẩy nhanh công nghiệp hóa, hiện đại hóa đất nước",
                "Ưu tiên phát triển công nghiệp nặng",
                "Hạn chế hội nhập quốc tế"
            ],
            "correct": 1
        },
        {
            "id": 25,
            "stage": 3,
            "question": "Mô hình Nhà nước xây dựng trong thời kỳ quá độ lên CNXH là:",
            "answers": [
                "Nhà nước dân chủ nhân dân",
                "Nhà nước pháp quyền xã hội chủ nghĩa",
                "Nhà nước phúc lợi",
                "Nhà nước liên bang"
            ],
            "correct": 1
        },
        {
            "id": 26,
            "stage": 4,
            "question": "Mô hình văn hóa của Việt Nam được xác định trong Đại hội IX là:",
            "answers": [
                "Văn hóa hiện đại, hội nhập quốc tế",
                "Văn hóa dân tộc truyền thống",
                "Văn hóa tiên tiến, đậm đà bản sắc dân tộc",
                "Văn hóa xã hội chủ nghĩa"
            ],
            "correct": 2
        },
        {
            "id": 27,
            "stage": 4,
            "question": "Xây dựng con người VN phát triển toàn diện về chính trị,...trí tuệ, đạo đức,...sáng tạo:",
            "answers": [
                "tư tưởng – thể chất – quan hệ hài hòa",
                "kinh tế – thể lực – kỹ năng",
                "tinh thần – sức khỏe – đạo đức",
                "tư tưởng – sức khỏe – xã hội"
            ],
            "correct": 0
        },
        {
            "id": 28,
            "stage": 4,
            "question": "Thế kỷ XX ghi đậm trong lịch sử loài người những dấu ấn nào?",
            "answers": [
                "2 cuộc chiến tranh TG, CM KHCN, phong trào CM phát triển toàn TG",
                "2 cuộc chiến tranh TG, CM KHKT, phong trào CM phát triển tại Châu Á",
                "2 cuộc chiến tranh TG, CM KHCN, phong trào CM phát triển tại Châu Á",
                "2 cuộc chiến tranh TG, CM KHKT, phong trào CM phát triển toàn TG"
            ],
            "correct": 0
        },
        {
            "id": 29,
            "stage": 4,
            "question": "Qua 10 năm (1991–2001), nền kinh tế nào phát triển rộng khắp cả nước?",
            "answers": [
                "Kinh tế nhà nước",
                "Kinh tế tập thể",
                "Kinh tế tư nhân",
                "Kinh tế có vốn đầu tư nước ngoài"
            ],
            "correct": 2
        },
        {
            "id": 30,
            "stage": 4,
            "question": "HN TW 7 khóa IX: Đất đai được coi là gì?",
            "answers": [
                "Tài nguyên quý giá, tư liệu sản xuất đặc biệt, nguồn vốn to lớn",
                "Nguồn thu ngân sách",
                "Phương tiện sản xuất",
                "Tài sản quốc gia"
            ],
            "correct": 0
        },
        {
            "id": 31,
            "stage": 4,
            "question": "Những vấn đề cấp thiết đặt ra sau Đại hội IX là:",
            "answers": [
                "CNH-HĐH, phát triển giáo dục và bảo vệ Tổ quốc",
                "CNH-HĐH, hội nhập quốc tế và bảo vệ Tổ quốc",
                "Kinh tế tư nhân, hội nhập quốc tế và bảo vệ Tổ quốc",
                "Kinh tế tư nhân, giáo dục và CNH-HĐH"
            ],
            "correct": 1
        },
        {
            "id": 32,
            "stage": 4,
            "question": "Mục tiêu tổng quát chiến lược phát triển KT-XH 2001–2010 gồm mấy nội dung chính?",
            "answers": [
                "2",
                "3",
                "4",
                "5"
            ],
            "correct": 1
        },
        {
            "id": 33,
            "stage": 4,
            "question": "HN TW 5 (2002): Vai trò kinh tế tư nhân là gì đối với nền kinh tế quốc dân?",
            "answers": [
                "Bộ phận phụ trợ",
                "Bộ phận cần phát triển",
                "Bộ phận cấu thành quan trọng",
                "Bộ phận tạm thời"
            ],
            "correct": 2
        },
        {
            "id": 34,
            "stage": 4,
            "question": "Nghị quyết nào về công tác với người Việt Nam ở nước ngoài?",
            "answers": [
                "Nghị quyết 23",
                "Nghị quyết 24",
                "Nghị quyết 36",
                "Nghị quyết 37"
            ],
            "correct": 2
        },
        {
            "id": 35,
            "stage": 4,
            "question": "Nhiệm vụ then chốt theo quan điểm của Đại hội IX là:",
            "answers": [
                "Phát triển kinh tế",
                "Hội nhập quốc tế",
                "Xây dựng Đảng",
                "Phát triển văn hóa"
            ],
            "correct": 2
        },
        {
            "id": 36,
            "stage": 5,
            "question": "'Mỗi cán bộ, đảng viên... tư tưởng, đạo đức, phong cách Hồ Chí Minh':",
            "answers": [
                "học tập và làm theo",
                "xây dựng kế hoạch và tự giác làm theo",
                "xây dựng kế hoạch và làm theo",
                "làm theo"
            ],
            "correct": 2
        },
        {
            "id": 37,
            "stage": 5,
            "question": "Đâu KHÔNG phải định hướng thực hiện CNH-HĐH gắn với kinh tế tri thức?",
            "answers": [
                "CNH-HĐH nông nghiệp nông thôn",
                "Phát triển kinh tế vùng",
                "Phát triển lực lượng lao động",
                "A và C"
            ],
            "correct": 2
        },
        {
            "id": 38,
            "stage": 5,
            "question": "Phó Chủ nhiệm Ủy ban Kiểm tra cấp ủy cùng cấp do cơ quan nào bầu?",
            "answers": [
                "Cấp ủy cùng cấp",
                "UBKT cấp dưới",
                "UBKT cùng cấp",
                "UBKT cấp trên trực tiếp"
            ],
            "correct": 3
        },
        {
            "id": 39,
            "stage": 5,
            "question": "Điều lệ Đảng quy định nguyên tắc tổ chức cơ bản của Đảng là gì?",
            "answers": [
                "Tự phê bình và phê bình",
                "Tập trung dân chủ",
                "Đảng hoạt động trong khuôn khổ HP và PL",
                "Cả 3 phương án trên"
            ],
            "correct": 3
        },
        {
            "id": 40,
            "stage": 5,
            "question": "Hình thức kỷ luật đối với đảng viên chính thức gồm:",
            "answers": [
                "Khiển trách, cảnh cáo, xóa tên, khai trừ",
                "Khiển trách, cảnh cáo, xóa tên, cách chức",
                "Khiển trách, cảnh cáo, cách chức, khai trừ",
                "Khiển trách, cảnh cáo, khai trừ, hạ bậc lương"
            ],
            "correct": 2
        },
        {
            "id": 41,
            "stage": 5,
            "question": "Đại hội X nhấn mạnh việc thực hiện nghiêm nguyên tắc nào trong xây dựng Đảng?",
            "answers": [
                "Tự phê bình và phê bình",
                "Tập trung dân chủ",
                "Đoàn kết thống nhất",
                "Bình đẳng trong Đảng"
            ],
            "correct": 1
        },
        {
            "id": 42,
            "stage": 5,
            "question": "Đại hội X xác định phát triển CNH-HĐH gắn với yếu tố nào?",
            "answers": [
                "Kinh tế hộ gia đình",
                "Kinh tế tập thể",
                "Kinh tế tri thức",
                "Kinh tế nhà nước"
            ],
            "correct": 2
        },
        {
            "id": 43,
            "stage": 5,
            "question": "Một kết quả nổi bật sau Đại hội X là VN:",
            "answers": [
                "Gia nhập WTO",
                "Trở thành nước phát triển",
                "Thoát khỏi nhóm nước nghèo, thành nước thu nhập TB",
                "Thành trung tâm tài chính khu vực"
            ],
            "correct": 2
        },
        {
            "id": 44,
            "stage": 5,
            "question": "Đại đoàn kết dân tộc là nguồn sức mạnh bảo đảm ... của sự nghiệp xây dựng và bảo vệ TQ:",
            "answers": [
                "thành công bền vững",
                "sự ổn định",
                "thắng lợi bền vững",
                "sự phát triển lâu dài"
            ],
            "correct": 2
        },
        {
            "id": 45,
            "stage": 5,
            "question": "Nhiệm vụ bảo vệ Tổ quốc: giữ vững hòa bình để thực hiện ... CNH-HĐH theo ... XHCN:",
            "answers": [
                "thắng lợi – định hướng",
                "thành công – con đường",
                "hiệu quả – mô hình",
                "toàn diện – tư tưởng"
            ],
            "correct": 0
        },
        {
            "id": 46,
            "stage": 5,
            "question": "Mục tiêu bảo vệ tổ quốc XHCN bao gồm bảo vệ gì?",
            "answers": [
                "lợi ích quốc gia",
                "lợi ích quốc gia, dân tộc",
                "lợi ích giai cấp",
                "lợi ích quốc gia, giai cấp"
            ],
            "correct": 1
        },
        {
            "id": 47,
            "stage": 5,
            "question": "Đại đoàn kết toàn dân tộc lấy mục tiêu giữ vững độc lập, thống nhất TQ làm gì?",
            "answers": [
                "điểm chung",
                "điểm tương đồng",
                "điểm giống nhau",
                "điểm tựa"
            ],
            "correct": 1
        },
        {
            "id": 48,
            "stage": 5,
            "question": "Vấn đề chiến lược cơ bản, lâu dài và cấp bách của CM Việt Nam là?",
            "answers": [
                "Vấn đề giai cấp",
                "Vấn đề tôn giáo",
                "Vấn đề dân tộc và đoàn kết dân tộc",
                "Vấn đề kinh tế"
            ],
            "correct": 2
        },
        {
            "id": 49,
            "stage": 5,
            "question": "Kinh tế tập thể mà nòng cốt là gì đã có đổi mới qua 5 năm 1996-2001?",
            "answers": [
                "hợp tác xã",
                "doanh nghiệp nhà nước",
                "hợp tác xã kiểu mới",
                "hộ gia đình"
            ],
            "correct": 2
        },
        {
            "id": 50,
            "stage": 5,
            "question": "Thông tin SAI: bỏ qua việc xác lập vị trí thống trị của... tư bản chủ nghĩa:",
            "answers": [
                "cơ sở hạ tầng",
                "kiến trúc thượng tầng",
                "chế độ TBCN",
                "lực lượng sản xuất"
            ],
            "correct": 0
        }
    ]
}